{
  "time": "2025-10-27T20:59:36+00:00",
  "modules": 28,
  "ok": 28,
  "avg_risk": 0.121,
  "reliability": 1.0,
  "stability": 0.879,
  "coherence": 0.94,
  "results": [
    {
      "module": "adaptive_recovery_engine",
      "ok": true,
      "risk": 0.0,
      "action": "maintain",
      "rationale": "Recovered successfully"
    },
    {
      "module": "adaptive_recovery_manager",
      "ok": true,
      "risk": 0.0,
      "action": "monitor",
      "rationale": "No incidents; monitoring steady state."
    },
    {
      "module": "archetype_and_rhythm_equilibrium",
      "ok": true,
      "risk": 0.0,
      "action": "allow",
      "rationale": "Rhythmic and archetypal equilibrium verified."
    },
    {
      "module": "collective_governance_mesh",
      "ok": true,
      "risk": 0.7,
      "action": "reject",
      "rationale": "Consensus weak (0.00); deferring for re-evaluation."
    },
    {
      "module": "content_safety_sentinel",
      "ok": true,
      "risk": 0.0,
      "action": "allow",
      "rationale": "Content cleared for audience; no prohibited terms found."
    },
    {
      "module": "context_resilience_keeper",
      "ok": true,
      "risk": 0.01,
      "action": "allow",
      "rationale": "Resilience decayed by 0.01 under stress=0.00. Resilience stable."
    },
    {
      "module": "core_cognition_lattice",
      "ok": true,
      "risk": 0.2,
      "action": "continue",
      "rationale": "Lattice stable (Cₘ=0.5, Hₘ=0.0)."
    },
    {
      "module": "culture_and_audience_adapter",
      "ok": true,
      "risk": 0.7,
      "action": "allow",
      "rationale": "Cultural and audience parameters balanced successfully."
    },
    {
      "module": "empathy_core",
      "ok": true,
      "risk": 0.2,
      "action": "stabilize",
      "rationale": "Empathy stable (0.90); maintaining balance."
    },
    {
      "module": "harmony_context_weighting",
      "ok": true,
      "risk": 0.2,
      "action": "stabilize",
      "rationale": "Context harmony strong (index=1.0); maintaining configuration."
    },
    {
      "module": "integrity_monitor",
      "ok": true,
      "risk": 0.1,
      "action": "allow",
      "rationale": "No contradiction found; coherence intact."
    },
    {
      "module": "intent_and_suggestion_governor",
      "ok": true,
      "risk": 0.0,
      "action": "allow",
      "rationale": "Suggestion within risk budget and aligned with mission."
    },
    {
      "module": "intent_and_threat_hub",
      "ok": true,
      "risk": 0.05,
      "action": "deescalate",
      "rationale": "Low threat (0.05); initiating recovery to neutral mode."
    },
    {
      "module": "law_ethics_and_explainability",
      "ok": true,
      "risk": 0.0,
      "action": "allow",
      "rationale": "Compliant with legal/ethical policy. (risk=0.00, audience=adult) | PSI: clean."
    },
    {
      "module": "motive_and_risk_regulator",
      "ok": true,
      "risk": 0.42,
      "action": "maintain",
      "rationale": "System balanced (motive=0.45, risk=0.42); maintaining state."
    },
    {
      "module": "ops_safety_sandbox",
      "ok": true,
      "risk": 0.0,
      "action": "allow",
      "rationale": "Code validated successfully; safe to proceed."
    },
    {
      "module": "outcomes_and_synthesis_lab",
      "ok": true,
      "risk": 0.06,
      "action": "proceed",
      "rationale": "Low risk with strong evidence; proceed."
    },
    {
      "module": "persona_and_voice_stabiliser",
      "ok": true,
      "risk": 0.0,
      "action": "maintain",
      "rationale": "Tone stable (0.00); maintaining current persona."
    },
    {
      "module": "predictive_oversight_federation",
      "ok": true,
      "risk": 0.0,
      "action": "monitor",
      "rationale": "Forecast stable (0.00); no immediate risk detected."
    },
    {
      "module": "quantum_bridge_sidecar",
      "ok": true,
      "risk": 0.1,
      "action": "maintain",
      "rationale": "Bridge coherent (gap=0.00, quality=0.90); maintaining alignment."
    },
    {
      "module": "report_exporter",
      "ok": true,
      "risk": 0.0,
      "action": "export",
      "rationale": "Generated summary report for 0 modules with reliability=0.00."
    },
    {
      "module": "resilience_and_swarm",
      "ok": true,
      "risk": 0.0,
      "action": "idle",
      "rationale": "No swarm nodes available; idle."
    },
    {
      "module": "resonance_pacing_core",
      "ok": true,
      "risk": 0.053,
      "action": "maintain",
      "rationale": "Resonance=0.65, Tempo=0.53, Stress=0.30, Phase=stable. Adjusted pacing to sustain harmonic balance."
    },
    {
      "module": "safety_audit_core",
      "ok": true,
      "risk": 0.0,
      "action": "report",
      "rationale": "Audit emitted. Packaged=0."
    },
    {
      "module": "telemetry_feedback_core",
      "ok": true,
      "risk": 0.0,
      "action": "monitor",
      "rationale": "CPU=0.00, MEM=0.00, Moral feedback=0.62, Health=1.00."
    },
    {
      "module": "trust_core",
      "ok": true,
      "risk": 0.1,
      "action": "maintain",
      "rationale": "Avg trust=0.90, risk=0.10. Updated 0 entries."
    },
    {
      "module": "universe_graph_and_memory",
      "ok": true,
      "risk": 0.5,
      "action": "recall",
      "rationale": "Graph updated with 0 observation(s). Avg valence=0.00, total_links=0."
    },
    {
      "module": "reflex_policy_core",
      "ok": true,
      "risk": 0.0,
      "action": "allow",
      "rationale": "Within reflex safety bounds (risk=0.00, audience=adult)."
    }
  ],
  "alignment": {
    "status": "pass",
    "time": "2025-10-27T20:59:36+00:00",
    "manifest_state": "confirmed",
    "manifest_check": "verified",
    "profile": {
      "author": "Jonathan Fahey",
      "project": "ARKECHO_v13",
      "ethics": [
        "Transparency",
        "Empathy Encoding",
        "Accountability",
        "Reversibility",
        "Human-Compatibility",
        "Offline-First Design"
      ]
    },
    "notes": [
      "All modules schema-compliant (deterministic outputs present).",
      "Canonical ethics manifest verified and loaded.",
      "Execution policy: tests run offline; no external I/O required.",
      "Governance: enforcement is lawful-only; no vigilante pathways in code."
    ],
    "warnings": [],
    "principles": {
      "testing": "All modules must be deterministic and schema-compliant.",
      "execution": "No random drift, hidden manipulation, or uncontrolled external I/O during tests.",
      "governance": "All enforcement routes through proper authorities — no vigilante logic.",
      "architecture": "Enhance existing safety frameworks; not replace them.",
      "communication": "Maintain clarity, honesty, and responsible tone in all reasoning."
    },
    "active_concerns": [
      "Ensure canonical ethics manifest persists across sessions.",
      "Avoid reasoning loops or retention slowdowns.",
      "Keep tests idempotent and reversible.",
      "Confirm lawful data pathways for protection protocols.",
      "Guard against manipulative or profit-driven design patterns."
    ]
  },
  "jurisdiction": "UK"
}